{"x":1.7751967906951905,"y":0.049137651920318606,"z":-1.9423863887786866}