{"x":2.3303403854370119,"y":0.819826602935791,"z":0.8139832019805908}