{"x":2.0899946689605715,"y":0.018814504146575929,"z":0.2213071584701538}