{"x":2.477309465408325,"y":0.058260977268218997,"z":1.402759075164795}