{"x":0.5114543437957764,"y":0.022962570190429689,"z":1.0280920267105103}