{"x":1.735471487045288,"y":0.013871967792510987,"z":2.0074734687805177}