{"x":2.3634033203125,"y":0.4508618414402008,"z":1.605284333229065}