{"x":0.10706734657287598,"y":0.016660094261169435,"z":0.2257975935935974}