{"x":1.7623451948165894,"y":0.0034543871879577638,"z":1.022210717201233}