{"x":2.3759942054748537,"y":0.7767366766929627,"z":1.0214505195617676}